{"bounds":{"east":111.619720458984,"north":36.7396545410156,"south":27.5990295410156,"west":99.4908142089844},"contentType":"quantizedmesh","latLonBounds":{"east":111.619720458984,"north":36.7396545410156,"south":27.5990295410156,"west":99.4908142089844},"maxzoom":10,"minzoom":0,"proj":4326,"tiletrans":"tms","type":"terrain","ziped":false}